id,name,account,price,data
1,damon01,213,2.64,3.9
2,damon02,214,3.64,4.9
3,damon03,215,4.64,5.9
4,damon04,216,5.64,6.9
5,damon05,217,6.64,7.9
6,damon06,218,7.64,8.9
7,damon07,219,8.64,9.9
8,damon08,220,9.64,10.9
9,damon09,221,10.64,11.9
10,damon10,222,11.64,12.9
11,damon11,223,12.64,13.9
12,damon12,224,13.64,14.9
13,damon13,225,14.64,15.9
14,damon14,226,15.64,16.9
15,damon15,227,16.64,17.9
16,damon16,228,17.64,18.9
17,damon17,229,18.64,19.9
18,damon18,230,19.64,20.9
19,damon19,231,20.64,21.9
20,damon20,232,21.64,22.9
21,damon21,233,22.64,23.9
